<?xml version="1.0" encoding="UTF-8"?>
<project-private xmlns="http://www.netbeans.org/ns/project-private/1">
    <editor-bookmarks xmlns="http://www.netbeans.org/ns/editor-bookmarks/2" lastBookmarkId="0"/>
    <open-files xmlns="http://www.netbeans.org/ns/projectui-open-files/2">
        <group>
            <file>file:/C:/Users/asus/Documents/NetBeansProjects/Perpus/src/perpus/Koneksi.java</file>
            <file>file:/C:/Users/asus/Documents/NetBeansProjects/Perpus/src/perpus/Admin.java</file>
            <file>file:/C:/Users/asus/Documents/NetBeansProjects/Perpus/src/perpus/Login.java</file>
            <file>file:/C:/Users/asus/Documents/NetBeansProjects/Perpus/src/perpus/HistoriPeminjamanAdmin.java</file>
            <file>file:/C:/Users/asus/Documents/NetBeansProjects/Perpus/src/perpus/DataBuku.java</file>
            <file>file:/C:/Users/asus/Documents/NetBeansProjects/Perpus/src/perpus/User.java</file>
            <file>file:/C:/Users/asus/Documents/NetBeansProjects/Perpus/src/perpus/HistoriPengembalianAdmin.java</file>
            <file>file:/C:/Users/asus/Documents/NetBeansProjects/Perpus/src/perpus/DataPengembalian.java</file>
            <file>file:/C:/Users/asus/Documents/NetBeansProjects/Perpus/src/perpus/HistoriPeminjaman.java</file>
            <file>file:/C:/Users/asus/Documents/NetBeansProjects/Perpus/src/perpus/DataAnggota.java</file>
            <file>file:/C:/Users/asus/Documents/NetBeansProjects/Perpus/src/perpus/DataPeminjaman.java</file>
        </group>
    </open-files>
</project-private>
